Level,Taxon,Model_Path
Genus,Benedictvirus,../STRUCTURAL_TAXONOMY_04_03_25/data/models/production\Genus/Benedictvirus.pkl
Genus,Fromanvirus_5,../STRUCTURAL_TAXONOMY_04_03_25/data/models/production\Genus/Fromanvirus_5.pkl
Genus,Timshelvirus,../STRUCTURAL_TAXONOMY_04_03_25/data/models/production\Genus/Timshelvirus.pkl
Genus,Fromanvirus_4,../STRUCTURAL_TAXONOMY_04_03_25/data/models/production\Genus/Fromanvirus_4.pkl
Genus,Kimonavirus,../STRUCTURAL_TAXONOMY_04_03_25/data/models/production\Genus/Kimonavirus.pkl
Genus,Backyardiganvirus,../STRUCTURAL_TAXONOMY_04_03_25/data/models/production\Genus/Backyardiganvirus.pkl
Genus,Fromanvirus_2,../STRUCTURAL_TAXONOMY_04_03_25/data/models/production\Genus/Fromanvirus_2.pkl
Genus,Pukovnikvirus,../STRUCTURAL_TAXONOMY_04_03_25/data/models/production\Genus/Pukovnikvirus.pkl
Genus,Turbidovirus,../STRUCTURAL_TAXONOMY_04_03_25/data/models/production\Genus/Turbidovirus.pkl
Genus,Gladiatorvirus,../STRUCTURAL_TAXONOMY_04_03_25/data/models/production\Genus/Gladiatorvirus.pkl
Genus,Luchadorvirus,../STRUCTURAL_TAXONOMY_04_03_25/data/models/production\Genus/Luchadorvirus.pkl
Genus,Eagleeyevirus,../STRUCTURAL_TAXONOMY_04_03_25/data/models/production\Genus/Eagleeyevirus.pkl
Genus,Veracruzvirus,../STRUCTURAL_TAXONOMY_04_03_25/data/models/production\Genus/Veracruzvirus.pkl
Genus,Microwolfvirus,../STRUCTURAL_TAXONOMY_04_03_25/data/models/production\Genus/Microwolfvirus.pkl
Genus,Fromanvirus_3,../STRUCTURAL_TAXONOMY_04_03_25/data/models/production\Genus/Fromanvirus_3.pkl
Genus,Pharaohvirus,../STRUCTURAL_TAXONOMY_04_03_25/data/models/production\Genus/Pharaohvirus.pkl
Genus,Triavirus_2,../STRUCTURAL_TAXONOMY_04_03_25/data/models/production\Genus/Triavirus_2.pkl
Genus,Triavirus_1,../STRUCTURAL_TAXONOMY_04_03_25/data/models/production\Genus/Triavirus_1.pkl
Genus,Triavirus_3,../STRUCTURAL_TAXONOMY_04_03_25/data/models/production\Genus/Triavirus_3.pkl
Genus,Pbunavirus,../STRUCTURAL_TAXONOMY_04_03_25/data/models/production\Genus/Pbunavirus.pkl
Genus,Myosmarvirus,../STRUCTURAL_TAXONOMY_04_03_25/data/models/production\Genus/Myosmarvirus.pkl
Genus,Carpasinavirus,../STRUCTURAL_TAXONOMY_04_03_25/data/models/production\Genus/Carpasinavirus.pkl
Genus,Wifcevirus,../STRUCTURAL_TAXONOMY_04_03_25/data/models/production\Genus/Wifcevirus.pkl
Genus,Rimavirus,../STRUCTURAL_TAXONOMY_04_03_25/data/models/production\Genus/Rimavirus.pkl
Genus,Mudcatvirus,../STRUCTURAL_TAXONOMY_04_03_25/data/models/production\Genus/Mudcatvirus.pkl
Genus,Ceduovirus_1,../STRUCTURAL_TAXONOMY_04_03_25/data/models/production\Genus/Ceduovirus_1.pkl
Genus,Ceduovirus_2,../STRUCTURAL_TAXONOMY_04_03_25/data/models/production\Genus/Ceduovirus_2.pkl
Genus,Obolenskvirus_1,../STRUCTURAL_TAXONOMY_04_03_25/data/models/production\Genus/Obolenskvirus_1.pkl
Genus,Obolenskvirus_2,../STRUCTURAL_TAXONOMY_04_03_25/data/models/production\Genus/Obolenskvirus_2.pkl
Genus,Kunmingvirus,../STRUCTURAL_TAXONOMY_04_03_25/data/models/production\Genus/Kunmingvirus.pkl
Genus,Pankowvirus,../STRUCTURAL_TAXONOMY_04_03_25/data/models/production\Genus/Pankowvirus.pkl
Genus,Fernvirus,../STRUCTURAL_TAXONOMY_04_03_25/data/models/production\Genus/Fernvirus.pkl
Genus,Skatevirus,../STRUCTURAL_TAXONOMY_04_03_25/data/models/production\Genus/Skatevirus.pkl
Genus,Cedarrivervirus,../STRUCTURAL_TAXONOMY_04_03_25/data/models/production\Genus/Cedarrivervirus.pkl
Genus,Deseoctovirus,../STRUCTURAL_TAXONOMY_04_03_25/data/models/production\Genus/Deseoctovirus.pkl
Genus,Montyvirus,../STRUCTURAL_TAXONOMY_04_03_25/data/models/production\Genus/Montyvirus.pkl
Genus,Demosthenesvirus,../STRUCTURAL_TAXONOMY_04_03_25/data/models/production\Genus/Demosthenesvirus.pkl
Genus,Getseptimavirus,../STRUCTURAL_TAXONOMY_04_03_25/data/models/production\Genus/Getseptimavirus.pkl
Genus,Lastavirus,../STRUCTURAL_TAXONOMY_04_03_25/data/models/production\Genus/Lastavirus.pkl
Genus,Cimandefvirus,../STRUCTURAL_TAXONOMY_04_03_25/data/models/production\Genus/Cimandefvirus.pkl
Genus,Gervaisevirus,../STRUCTURAL_TAXONOMY_04_03_25/data/models/production\Genus/Gervaisevirus.pkl
Genus,Vhmlvirus,../STRUCTURAL_TAXONOMY_04_03_25/data/models/production\Genus/Vhmlvirus.pkl
Genus,Marthavirus,../STRUCTURAL_TAXONOMY_04_03_25/data/models/production\Genus/Marthavirus.pkl
Genus,Ponsvirus,../STRUCTURAL_TAXONOMY_04_03_25/data/models/production\Genus/Ponsvirus.pkl
Genus,Emalynvirus,../STRUCTURAL_TAXONOMY_04_03_25/data/models/production\Genus/Emalynvirus.pkl
Genus,Mapvirus,../STRUCTURAL_TAXONOMY_04_03_25/data/models/production\Genus/Mapvirus.pkl
Genus,Lambdavirus,../STRUCTURAL_TAXONOMY_04_03_25/data/models/production\Genus/Lambdavirus.pkl
Genus,Jouyvirus,../STRUCTURAL_TAXONOMY_04_03_25/data/models/production\Genus/Jouyvirus.pkl
Genus,Colneyvirus_1,../STRUCTURAL_TAXONOMY_04_03_25/data/models/production\Genus/Colneyvirus_1.pkl
Genus,Colneyvirus_2,../STRUCTURAL_TAXONOMY_04_03_25/data/models/production\Genus/Colneyvirus_2.pkl
Genus,Yongloolinvirus,../STRUCTURAL_TAXONOMY_04_03_25/data/models/production\Genus/Yongloolinvirus.pkl
Genus,Galaxyvirus,../STRUCTURAL_TAXONOMY_04_03_25/data/models/production\Genus/Galaxyvirus.pkl
Genus,Coralvirus,../STRUCTURAL_TAXONOMY_04_03_25/data/models/production\Genus/Coralvirus.pkl
Genus,Sargevirus,../STRUCTURAL_TAXONOMY_04_03_25/data/models/production\Genus/Sargevirus.pkl
Genus,Kumottavirus,../STRUCTURAL_TAXONOMY_04_03_25/data/models/production\Genus/Kumottavirus.pkl
Genus,Richievirus,../STRUCTURAL_TAXONOMY_04_03_25/data/models/production\Genus/Richievirus.pkl
Genus,Skunavirus_1,../STRUCTURAL_TAXONOMY_04_03_25/data/models/production\Genus/Skunavirus_1.pkl
Genus,Skunavirus_5,../STRUCTURAL_TAXONOMY_04_03_25/data/models/production\Genus/Skunavirus_5.pkl
Genus,Skunavirus_2,../STRUCTURAL_TAXONOMY_04_03_25/data/models/production\Genus/Skunavirus_2.pkl
Genus,Skunavirus_4,../STRUCTURAL_TAXONOMY_04_03_25/data/models/production\Genus/Skunavirus_4.pkl
Genus,Skunavirus_3,../STRUCTURAL_TAXONOMY_04_03_25/data/models/production\Genus/Skunavirus_3.pkl
Genus,Ilzatvirus,../STRUCTURAL_TAXONOMY_04_03_25/data/models/production\Genus/Ilzatvirus.pkl
Genus,Kojivirus,../STRUCTURAL_TAXONOMY_04_03_25/data/models/production\Genus/Kojivirus.pkl
Genus,Adaiavirus,../STRUCTURAL_TAXONOMY_04_03_25/data/models/production\Genus/Adaiavirus.pkl
Genus,Emperorvirus,../STRUCTURAL_TAXONOMY_04_03_25/data/models/production\Genus/Emperorvirus.pkl
Genus,Coeurvirus,../STRUCTURAL_TAXONOMY_04_03_25/data/models/production\Genus/Coeurvirus.pkl
Genus,Saphexavirus_1,../STRUCTURAL_TAXONOMY_04_03_25/data/models/production\Genus/Saphexavirus_1.pkl
Genus,Saphexavirus_2,../STRUCTURAL_TAXONOMY_04_03_25/data/models/production\Genus/Saphexavirus_2.pkl
Genus,Dhillonvirus,../STRUCTURAL_TAXONOMY_04_03_25/data/models/production\Genus/Dhillonvirus.pkl
Genus,Uetakevirus,../STRUCTURAL_TAXONOMY_04_03_25/data/models/production\Genus/Uetakevirus.pkl
Genus,Burrovirus,../STRUCTURAL_TAXONOMY_04_03_25/data/models/production\Genus/Burrovirus.pkl
Genus,Ikedavirus,../STRUCTURAL_TAXONOMY_04_03_25/data/models/production\Genus/Ikedavirus.pkl
Genus,Halcyonevirus,../STRUCTURAL_TAXONOMY_04_03_25/data/models/production\Genus/Halcyonevirus.pkl
Genus,Rockefellervirus,../STRUCTURAL_TAXONOMY_04_03_25/data/models/production\Genus/Rockefellervirus.pkl
Genus,Trigintaduovirus,../STRUCTURAL_TAXONOMY_04_03_25/data/models/production\Genus/Trigintaduovirus.pkl
Genus,Colunavirus,../STRUCTURAL_TAXONOMY_04_03_25/data/models/production\Genus/Colunavirus.pkl
Genus,Chidieberevirus,../STRUCTURAL_TAXONOMY_04_03_25/data/models/production\Genus/Chidieberevirus.pkl
Genus,Kroosvirus,../STRUCTURAL_TAXONOMY_04_03_25/data/models/production\Genus/Kroosvirus.pkl
Genus,Vividuovirus,../STRUCTURAL_TAXONOMY_04_03_25/data/models/production\Genus/Vividuovirus.pkl
Genus,Zitchvirus,../STRUCTURAL_TAXONOMY_04_03_25/data/models/production\Genus/Zitchvirus.pkl
Genus,Leonardvirus,../STRUCTURAL_TAXONOMY_04_03_25/data/models/production\Genus/Leonardvirus.pkl
Genus,Wizardvirus,../STRUCTURAL_TAXONOMY_04_03_25/data/models/production\Genus/Wizardvirus.pkl
Genus,Nonanavirus,../STRUCTURAL_TAXONOMY_04_03_25/data/models/production\Genus/Nonanavirus.pkl
Genus,Attisvirus,../STRUCTURAL_TAXONOMY_04_03_25/data/models/production\Genus/Attisvirus.pkl
Genus,Fairfaxidumvirus,../STRUCTURAL_TAXONOMY_04_03_25/data/models/production\Genus/Fairfaxidumvirus.pkl
Genus,Jujuvirus,../STRUCTURAL_TAXONOMY_04_03_25/data/models/production\Genus/Jujuvirus.pkl
Genus,Beenievirus_1,../STRUCTURAL_TAXONOMY_04_03_25/data/models/production\Genus/Beenievirus_1.pkl
Genus,Beenievirus_2,../STRUCTURAL_TAXONOMY_04_03_25/data/models/production\Genus/Beenievirus_2.pkl
Genus,Moineauvirus_1,../STRUCTURAL_TAXONOMY_04_03_25/data/models/production\Genus/Moineauvirus_1.pkl
Genus,Brussowvirus_1,../STRUCTURAL_TAXONOMY_04_03_25/data/models/production\Genus/Brussowvirus_1.pkl
Genus,Moineauvirus_2,../STRUCTURAL_TAXONOMY_04_03_25/data/models/production\Genus/Moineauvirus_2.pkl
Genus,Brussowvirus_2,../STRUCTURAL_TAXONOMY_04_03_25/data/models/production\Genus/Brussowvirus_2.pkl
Genus,Brussowvirus_3,../STRUCTURAL_TAXONOMY_04_03_25/data/models/production\Genus/Brussowvirus_3.pkl
Genus,Moineauvirus_3,../STRUCTURAL_TAXONOMY_04_03_25/data/models/production\Genus/Moineauvirus_3.pkl
Genus,Piorkowskivirus,../STRUCTURAL_TAXONOMY_04_03_25/data/models/production\Genus/Piorkowskivirus.pkl
Genus,Moineauvirus_4,../STRUCTURAL_TAXONOMY_04_03_25/data/models/production\Genus/Moineauvirus_4.pkl
Genus,Moineauvirus_5,../STRUCTURAL_TAXONOMY_04_03_25/data/models/production\Genus/Moineauvirus_5.pkl
Genus,Vansinderenvirus_1,../STRUCTURAL_TAXONOMY_04_03_25/data/models/production\Genus/Vansinderenvirus_1.pkl
Genus,Vansinderenvirus_2,../STRUCTURAL_TAXONOMY_04_03_25/data/models/production\Genus/Vansinderenvirus_2.pkl
Genus,Foussvirus,../STRUCTURAL_TAXONOMY_04_03_25/data/models/production\Genus/Foussvirus.pkl
Genus,Lirvirus,../STRUCTURAL_TAXONOMY_04_03_25/data/models/production\Genus/Lirvirus.pkl
Genus,Tritonvirus,../STRUCTURAL_TAXONOMY_04_03_25/data/models/production\Genus/Tritonvirus.pkl
Genus,Tangaroavirus,../STRUCTURAL_TAXONOMY_04_03_25/data/models/production\Genus/Tangaroavirus.pkl
Genus,Chivirus,../STRUCTURAL_TAXONOMY_04_03_25/data/models/production\Genus/Chivirus.pkl
Genus,Cenphatecvirus,../STRUCTURAL_TAXONOMY_04_03_25/data/models/production\Genus/Cenphatecvirus.pkl
Genus,Lavrentievavirus,../STRUCTURAL_TAXONOMY_04_03_25/data/models/production\Genus/Lavrentievavirus.pkl
Genus,Redjacvirus,../STRUCTURAL_TAXONOMY_04_03_25/data/models/production\Genus/Redjacvirus.pkl
Genus,Phikzvirus,../STRUCTURAL_TAXONOMY_04_03_25/data/models/production\Genus/Phikzvirus.pkl
Genus,Moabitevirus,../STRUCTURAL_TAXONOMY_04_03_25/data/models/production\Genus/Moabitevirus.pkl
Genus,Agricanvirus,../STRUCTURAL_TAXONOMY_04_03_25/data/models/production\Genus/Agricanvirus.pkl
Genus,Erskinevirus,../STRUCTURAL_TAXONOMY_04_03_25/data/models/production\Genus/Erskinevirus.pkl
Genus,Ferozepurvirus,../STRUCTURAL_TAXONOMY_04_03_25/data/models/production\Genus/Ferozepurvirus.pkl
Genus,Priunavirus,../STRUCTURAL_TAXONOMY_04_03_25/data/models/production\Genus/Priunavirus.pkl
Genus,Novosibvirus,../STRUCTURAL_TAXONOMY_04_03_25/data/models/production\Genus/Novosibvirus.pkl
Genus,Webervirus,../STRUCTURAL_TAXONOMY_04_03_25/data/models/production\Genus/Webervirus.pkl
Genus,Unahavirus,../STRUCTURAL_TAXONOMY_04_03_25/data/models/production\Genus/Unahavirus.pkl
Genus,Moazamivirus,../STRUCTURAL_TAXONOMY_04_03_25/data/models/production\Genus/Moazamivirus.pkl
Genus,Crifsvirus,../STRUCTURAL_TAXONOMY_04_03_25/data/models/production\Genus/Crifsvirus.pkl
Genus,Privateervirus,../STRUCTURAL_TAXONOMY_04_03_25/data/models/production\Genus/Privateervirus.pkl
Genus,Brucesealvirus,../STRUCTURAL_TAXONOMY_04_03_25/data/models/production\Genus/Brucesealvirus.pkl
Genus,Harbinvirus,../STRUCTURAL_TAXONOMY_04_03_25/data/models/production\Genus/Harbinvirus.pkl
Genus,Tybeckvirus,../STRUCTURAL_TAXONOMY_04_03_25/data/models/production\Genus/Tybeckvirus.pkl
Genus,Eurybiavirus,../STRUCTURAL_TAXONOMY_04_03_25/data/models/production\Genus/Eurybiavirus.pkl
Genus,Brizovirus,../STRUCTURAL_TAXONOMY_04_03_25/data/models/production\Genus/Brizovirus.pkl
Genus,Potamoivirus,../STRUCTURAL_TAXONOMY_04_03_25/data/models/production\Genus/Potamoivirus.pkl
Genus,Atlauavirus,../STRUCTURAL_TAXONOMY_04_03_25/data/models/production\Genus/Atlauavirus.pkl
Genus,Emcearvirus,../STRUCTURAL_TAXONOMY_04_03_25/data/models/production\Genus/Emcearvirus.pkl
Genus,Serangoonvirus,../STRUCTURAL_TAXONOMY_04_03_25/data/models/production\Genus/Serangoonvirus.pkl
Genus,Badaztecvirus,../STRUCTURAL_TAXONOMY_04_03_25/data/models/production\Genus/Badaztecvirus.pkl
Genus,Peduovirus,../STRUCTURAL_TAXONOMY_04_03_25/data/models/production\Genus/Peduovirus.pkl
Genus,Eganvirus,../STRUCTURAL_TAXONOMY_04_03_25/data/models/production\Genus/Eganvirus.pkl
Genus,Felsduovirus,../STRUCTURAL_TAXONOMY_04_03_25/data/models/production\Genus/Felsduovirus.pkl
Genus,Novemvirus,../STRUCTURAL_TAXONOMY_04_03_25/data/models/production\Genus/Novemvirus.pkl
Genus,Duonihilunusvirus,../STRUCTURAL_TAXONOMY_04_03_25/data/models/production\Genus/Duonihilunusvirus.pkl
Genus,Elveevirus,../STRUCTURAL_TAXONOMY_04_03_25/data/models/production\Genus/Elveevirus.pkl
Genus,Quadragintavirus,../STRUCTURAL_TAXONOMY_04_03_25/data/models/production\Genus/Quadragintavirus.pkl
Genus,Bielevirus,../STRUCTURAL_TAXONOMY_04_03_25/data/models/production\Genus/Bielevirus.pkl
Genus,Canoevirus,../STRUCTURAL_TAXONOMY_04_03_25/data/models/production\Genus/Canoevirus.pkl
Genus,Playavirus,../STRUCTURAL_TAXONOMY_04_03_25/data/models/production\Genus/Playavirus.pkl
Genus,Hpunavirus,../STRUCTURAL_TAXONOMY_04_03_25/data/models/production\Genus/Hpunavirus.pkl
Genus,Kisquattuordecimvirus,../STRUCTURAL_TAXONOMY_04_03_25/data/models/production\Genus/Kisquattuordecimvirus.pkl
Genus,Aptresvirus,../STRUCTURAL_TAXONOMY_04_03_25/data/models/production\Genus/Aptresvirus.pkl
Genus,Tigrvirus,../STRUCTURAL_TAXONOMY_04_03_25/data/models/production\Genus/Tigrvirus.pkl
Genus,Aresaunavirus,../STRUCTURAL_TAXONOMY_04_03_25/data/models/production\Genus/Aresaunavirus.pkl
Genus,Citexvirus,../STRUCTURAL_TAXONOMY_04_03_25/data/models/production\Genus/Citexvirus.pkl
Genus,Xuanwuvirus,../STRUCTURAL_TAXONOMY_04_03_25/data/models/production\Genus/Xuanwuvirus.pkl
Genus,Efbeekayvirus,../STRUCTURAL_TAXONOMY_04_03_25/data/models/production\Genus/Efbeekayvirus.pkl
Genus,Cbunavirus,../STRUCTURAL_TAXONOMY_04_03_25/data/models/production\Genus/Cbunavirus.pkl
Genus,Littlefixvirus,../STRUCTURAL_TAXONOMY_04_03_25/data/models/production\Genus/Littlefixvirus.pkl
Genus,Pacinivirus,../STRUCTURAL_TAXONOMY_04_03_25/data/models/production\Genus/Pacinivirus.pkl
Genus,Schizotequatrovirus,../STRUCTURAL_TAXONOMY_04_03_25/data/models/production\Genus/Schizotequatrovirus.pkl
Genus,Alcyoneusvirus,../STRUCTURAL_TAXONOMY_04_03_25/data/models/production\Genus/Alcyoneusvirus.pkl
Genus,Alexandravirus,../STRUCTURAL_TAXONOMY_04_03_25/data/models/production\Genus/Alexandravirus.pkl
Genus,Salmondvirus,../STRUCTURAL_TAXONOMY_04_03_25/data/models/production\Genus/Salmondvirus.pkl
Genus,Mollymurvirus,../STRUCTURAL_TAXONOMY_04_03_25/data/models/production\Genus/Mollymurvirus.pkl
Genus,Smoothievirus,../STRUCTURAL_TAXONOMY_04_03_25/data/models/production\Genus/Smoothievirus.pkl
Genus,Oneupvirus,../STRUCTURAL_TAXONOMY_04_03_25/data/models/production\Genus/Oneupvirus.pkl
Genus,Efquatrovirus_2,../STRUCTURAL_TAXONOMY_04_03_25/data/models/production\Genus/Efquatrovirus_2.pkl
Genus,Efquatrovirus_1,../STRUCTURAL_TAXONOMY_04_03_25/data/models/production\Genus/Efquatrovirus_1.pkl
Genus,Raleighvirus,../STRUCTURAL_TAXONOMY_04_03_25/data/models/production\Genus/Raleighvirus.pkl
Genus,Austintatiousvirus,../STRUCTURAL_TAXONOMY_04_03_25/data/models/production\Genus/Austintatiousvirus.pkl
Genus,Bruynoghevirus,../STRUCTURAL_TAXONOMY_04_03_25/data/models/production\Genus/Bruynoghevirus.pkl
Genus,Xipdecavirus,../STRUCTURAL_TAXONOMY_04_03_25/data/models/production\Genus/Xipdecavirus.pkl
Genus,Eisenstarkvirus,../STRUCTURAL_TAXONOMY_04_03_25/data/models/production\Genus/Eisenstarkvirus.pkl
Genus,Sozzivirus,../STRUCTURAL_TAXONOMY_04_03_25/data/models/production\Genus/Sozzivirus.pkl
Genus,Sherbrookevirus,../STRUCTURAL_TAXONOMY_04_03_25/data/models/production\Genus/Sherbrookevirus.pkl
Genus,Waukeshavirus,../STRUCTURAL_TAXONOMY_04_03_25/data/models/production\Genus/Waukeshavirus.pkl
Genus,Beceayunavirus,../STRUCTURAL_TAXONOMY_04_03_25/data/models/production\Genus/Beceayunavirus.pkl
Genus,Lillamyvirus,../STRUCTURAL_TAXONOMY_04_03_25/data/models/production\Genus/Lillamyvirus.pkl
Genus,Hattifnattvirus,../STRUCTURAL_TAXONOMY_04_03_25/data/models/production\Genus/Hattifnattvirus.pkl
Genus,Pagevirus,../STRUCTURAL_TAXONOMY_04_03_25/data/models/production\Genus/Pagevirus.pkl
Genus,Baltivirus,../STRUCTURAL_TAXONOMY_04_03_25/data/models/production\Genus/Baltivirus.pkl
Genus,Elemovirus,../STRUCTURAL_TAXONOMY_04_03_25/data/models/production\Genus/Elemovirus.pkl
Genus,Sortsnevirus,../STRUCTURAL_TAXONOMY_04_03_25/data/models/production\Genus/Sortsnevirus.pkl
Genus,Harambevirus,../STRUCTURAL_TAXONOMY_04_03_25/data/models/production\Genus/Harambevirus.pkl
Genus,Kairosalinivirus,../STRUCTURAL_TAXONOMY_04_03_25/data/models/production\Genus/Kairosalinivirus.pkl
Genus,Kryptosalinivirus,../STRUCTURAL_TAXONOMY_04_03_25/data/models/production\Genus/Kryptosalinivirus.pkl
Genus,Fromanvirus_1,../STRUCTURAL_TAXONOMY_04_03_25/data/models/production\Genus/Fromanvirus_1.pkl
Genus,Soupsvirus,../STRUCTURAL_TAXONOMY_04_03_25/data/models/production\Genus/Soupsvirus.pkl
Genus,Rerduovirus,../STRUCTURAL_TAXONOMY_04_03_25/data/models/production\Genus/Rerduovirus.pkl
Genus,Pakpunavirus,../STRUCTURAL_TAXONOMY_04_03_25/data/models/production\Genus/Pakpunavirus.pkl
Genus,Kolesnikvirus,../STRUCTURAL_TAXONOMY_04_03_25/data/models/production\Genus/Kolesnikvirus.pkl
Genus,Felixounavirus,../STRUCTURAL_TAXONOMY_04_03_25/data/models/production\Genus/Felixounavirus.pkl
Genus,Saclayvirus,../STRUCTURAL_TAXONOMY_04_03_25/data/models/production\Genus/Saclayvirus.pkl
Genus,Flaumdravirus,../STRUCTURAL_TAXONOMY_04_03_25/data/models/production\Genus/Flaumdravirus.pkl
Genus,Nankokuvirus,../STRUCTURAL_TAXONOMY_04_03_25/data/models/production\Genus/Nankokuvirus.pkl
Genus,Kremarvirus,../STRUCTURAL_TAXONOMY_04_03_25/data/models/production\Genus/Kremarvirus.pkl
Genus,Biseptimavirus_2,../STRUCTURAL_TAXONOMY_04_03_25/data/models/production\Genus/Biseptimavirus_2.pkl
Genus,Biseptimavirus_1,../STRUCTURAL_TAXONOMY_04_03_25/data/models/production\Genus/Biseptimavirus_1.pkl
Genus,Peeveelvirus_1,../STRUCTURAL_TAXONOMY_04_03_25/data/models/production\Genus/Peeveelvirus_1.pkl
Genus,Peeveelvirus_2,../STRUCTURAL_TAXONOMY_04_03_25/data/models/production\Genus/Peeveelvirus_2.pkl
Genus,Fishburnevirus,../STRUCTURAL_TAXONOMY_04_03_25/data/models/production\Genus/Fishburnevirus.pkl
Genus,Phayoncevirus,../STRUCTURAL_TAXONOMY_04_03_25/data/models/production\Genus/Phayoncevirus.pkl
Genus,Charlievirus_1,../STRUCTURAL_TAXONOMY_04_03_25/data/models/production\Genus/Charlievirus_1.pkl
Genus,Charlievirus_2,../STRUCTURAL_TAXONOMY_04_03_25/data/models/production\Genus/Charlievirus_2.pkl
Genus,Charlievirus_3,../STRUCTURAL_TAXONOMY_04_03_25/data/models/production\Genus/Charlievirus_3.pkl
Genus,Brujitavirus,../STRUCTURAL_TAXONOMY_04_03_25/data/models/production\Genus/Brujitavirus.pkl
Genus,Northamptonvirus,../STRUCTURAL_TAXONOMY_04_03_25/data/models/production\Genus/Northamptonvirus.pkl
Genus,Pegunavirus,../STRUCTURAL_TAXONOMY_04_03_25/data/models/production\Genus/Pegunavirus.pkl
Genus,Coopervirus,../STRUCTURAL_TAXONOMY_04_03_25/data/models/production\Genus/Coopervirus.pkl
Genus,Rosebushvirus,../STRUCTURAL_TAXONOMY_04_03_25/data/models/production\Genus/Rosebushvirus.pkl
Genus,Pipefishvirus,../STRUCTURAL_TAXONOMY_04_03_25/data/models/production\Genus/Pipefishvirus.pkl
Genus,Quesadillavirus,../STRUCTURAL_TAXONOMY_04_03_25/data/models/production\Genus/Quesadillavirus.pkl
Genus,Acadianvirus,../STRUCTURAL_TAXONOMY_04_03_25/data/models/production\Genus/Acadianvirus.pkl
Genus,Kenoshavirus,../STRUCTURAL_TAXONOMY_04_03_25/data/models/production\Genus/Kenoshavirus.pkl
Genus,Pepyhexavirus,../STRUCTURAL_TAXONOMY_04_03_25/data/models/production\Genus/Pepyhexavirus.pkl
Genus,Nevevirus,../STRUCTURAL_TAXONOMY_04_03_25/data/models/production\Genus/Nevevirus.pkl
Genus,Fremauxvirus,../STRUCTURAL_TAXONOMY_04_03_25/data/models/production\Genus/Fremauxvirus.pkl
Genus,Gordonvirus,../STRUCTURAL_TAXONOMY_04_03_25/data/models/production\Genus/Gordonvirus.pkl
Genus,Naesvirus,../STRUCTURAL_TAXONOMY_04_03_25/data/models/production\Genus/Naesvirus.pkl
Genus,Beograduvirus,../STRUCTURAL_TAXONOMY_04_03_25/data/models/production\Genus/Beograduvirus.pkl
Genus,Bakolyvirus,../STRUCTURAL_TAXONOMY_04_03_25/data/models/production\Genus/Bakolyvirus.pkl
Genus,Tsukubavirus,../STRUCTURAL_TAXONOMY_04_03_25/data/models/production\Genus/Tsukubavirus.pkl
Genus,Yokohamavirus,../STRUCTURAL_TAXONOMY_04_03_25/data/models/production\Genus/Yokohamavirus.pkl
Genus,Traversvirus,../STRUCTURAL_TAXONOMY_04_03_25/data/models/production\Genus/Traversvirus.pkl
Genus,Diegovirus,../STRUCTURAL_TAXONOMY_04_03_25/data/models/production\Genus/Diegovirus.pkl
Genus,Oslovirus,../STRUCTURAL_TAXONOMY_04_03_25/data/models/production\Genus/Oslovirus.pkl
Genus,Seuratvirus,../STRUCTURAL_TAXONOMY_04_03_25/data/models/production\Genus/Seuratvirus.pkl
Genus,Nonagvirus,../STRUCTURAL_TAXONOMY_04_03_25/data/models/production\Genus/Nonagvirus.pkl
Genus,Craquatrovirus,../STRUCTURAL_TAXONOMY_04_03_25/data/models/production\Genus/Craquatrovirus.pkl
Genus,Bixiavirus,../STRUCTURAL_TAXONOMY_04_03_25/data/models/production\Genus/Bixiavirus.pkl
Genus,Iggyvirus,../STRUCTURAL_TAXONOMY_04_03_25/data/models/production\Genus/Iggyvirus.pkl
Genus,Salvavirus,../STRUCTURAL_TAXONOMY_04_03_25/data/models/production\Genus/Salvavirus.pkl
Genus,Nipunavirus,../STRUCTURAL_TAXONOMY_04_03_25/data/models/production\Genus/Nipunavirus.pkl
Genus,Septimatrevirus,../STRUCTURAL_TAXONOMY_04_03_25/data/models/production\Genus/Septimatrevirus.pkl
Genus,Lokivirus,../STRUCTURAL_TAXONOMY_04_03_25/data/models/production\Genus/Lokivirus.pkl
Genus,Titanvirus,../STRUCTURAL_TAXONOMY_04_03_25/data/models/production\Genus/Titanvirus.pkl
Genus,Cheoctovirus_1,../STRUCTURAL_TAXONOMY_04_03_25/data/models/production\Genus/Cheoctovirus_1.pkl
Genus,Cheoctovirus_2,../STRUCTURAL_TAXONOMY_04_03_25/data/models/production\Genus/Cheoctovirus_2.pkl
Genus,Corndogvirus,../STRUCTURAL_TAXONOMY_04_03_25/data/models/production\Genus/Corndogvirus.pkl
Genus,Avanivirus_1,../STRUCTURAL_TAXONOMY_04_03_25/data/models/production\Genus/Avanivirus_1.pkl
Genus,Avanivirus_2,../STRUCTURAL_TAXONOMY_04_03_25/data/models/production\Genus/Avanivirus_2.pkl
Genus,Cheoctovirus_3,../STRUCTURAL_TAXONOMY_04_03_25/data/models/production\Genus/Cheoctovirus_3.pkl
Genus,Casadabanvirus,../STRUCTURAL_TAXONOMY_04_03_25/data/models/production\Genus/Casadabanvirus.pkl
Genus,Mechnikovvirus,../STRUCTURAL_TAXONOMY_04_03_25/data/models/production\Genus/Mechnikovvirus.pkl
Genus,Bixzunavirus,../STRUCTURAL_TAXONOMY_04_03_25/data/models/production\Genus/Bixzunavirus.pkl
Genus,Myrnavirus,../STRUCTURAL_TAXONOMY_04_03_25/data/models/production\Genus/Myrnavirus.pkl
Genus,Puppervirus,../STRUCTURAL_TAXONOMY_04_03_25/data/models/production\Genus/Puppervirus.pkl
Genus,Korravirus,../STRUCTURAL_TAXONOMY_04_03_25/data/models/production\Genus/Korravirus.pkl
Genus,Yangvirus,../STRUCTURAL_TAXONOMY_04_03_25/data/models/production\Genus/Yangvirus.pkl
Genus,Armstrongvirus,../STRUCTURAL_TAXONOMY_04_03_25/data/models/production\Genus/Armstrongvirus.pkl
Genus,Tsamsavirus,../STRUCTURAL_TAXONOMY_04_03_25/data/models/production\Genus/Tsamsavirus.pkl
Genus,Haetaevirus,../STRUCTURAL_TAXONOMY_04_03_25/data/models/production\Genus/Haetaevirus.pkl
Genus,Audreyjarvisvirus,../STRUCTURAL_TAXONOMY_04_03_25/data/models/production\Genus/Audreyjarvisvirus.pkl
Genus,Kagunavirus_2,../STRUCTURAL_TAXONOMY_04_03_25/data/models/production\Genus/Kagunavirus_2.pkl
Genus,Jerseyvirus_1,../STRUCTURAL_TAXONOMY_04_03_25/data/models/production\Genus/Jerseyvirus_1.pkl
Genus,Kagunavirus_1,../STRUCTURAL_TAXONOMY_04_03_25/data/models/production\Genus/Kagunavirus_1.pkl
Genus,Kagunavirus_3,../STRUCTURAL_TAXONOMY_04_03_25/data/models/production\Genus/Kagunavirus_3.pkl
Genus,Jerseyvirus_2,../STRUCTURAL_TAXONOMY_04_03_25/data/models/production\Genus/Jerseyvirus_2.pkl
Genus,Lessievirus,../STRUCTURAL_TAXONOMY_04_03_25/data/models/production\Genus/Lessievirus.pkl
Genus,Camvirus,../STRUCTURAL_TAXONOMY_04_03_25/data/models/production\Genus/Camvirus.pkl
Genus,Arequatrovirus,../STRUCTURAL_TAXONOMY_04_03_25/data/models/production\Genus/Arequatrovirus.pkl
Genus,Pahexavirus,../STRUCTURAL_TAXONOMY_04_03_25/data/models/production\Genus/Pahexavirus.pkl
Genus,Caelumvirus,../STRUCTURAL_TAXONOMY_04_03_25/data/models/production\Genus/Caelumvirus.pkl
Genus,Likavirus,../STRUCTURAL_TAXONOMY_04_03_25/data/models/production\Genus/Likavirus.pkl
Genus,Janusvirus,../STRUCTURAL_TAXONOMY_04_03_25/data/models/production\Genus/Janusvirus.pkl
Genus,Foxunavirus,../STRUCTURAL_TAXONOMY_04_03_25/data/models/production\Genus/Foxunavirus.pkl
Genus,Aryavirus,../STRUCTURAL_TAXONOMY_04_03_25/data/models/production\Genus/Aryavirus.pkl
Genus,Jilinvirus,../STRUCTURAL_TAXONOMY_04_03_25/data/models/production\Genus/Jilinvirus.pkl
Genus,Lambovirus,../STRUCTURAL_TAXONOMY_04_03_25/data/models/production\Genus/Lambovirus.pkl
Genus,Papyrusvirus,../STRUCTURAL_TAXONOMY_04_03_25/data/models/production\Genus/Papyrusvirus.pkl
Genus,Klausavirus,../STRUCTURAL_TAXONOMY_04_03_25/data/models/production\Genus/Klausavirus.pkl
Genus,Nochtlivirus,../STRUCTURAL_TAXONOMY_04_03_25/data/models/production\Genus/Nochtlivirus.pkl
Genus,Kwaitsingvirus,../STRUCTURAL_TAXONOMY_04_03_25/data/models/production\Genus/Kwaitsingvirus.pkl
Genus,Aguilavirus,../STRUCTURAL_TAXONOMY_04_03_25/data/models/production\Genus/Aguilavirus.pkl
Genus,Abouovirus,../STRUCTURAL_TAXONOMY_04_03_25/data/models/production\Genus/Abouovirus.pkl
Genus,Anatolevirus,../STRUCTURAL_TAXONOMY_04_03_25/data/models/production\Genus/Anatolevirus.pkl
Genus,Doucettevirus,../STRUCTURAL_TAXONOMY_04_03_25/data/models/production\Genus/Doucettevirus.pkl
Genus,Unaquatrovirus,../STRUCTURAL_TAXONOMY_04_03_25/data/models/production\Genus/Unaquatrovirus.pkl
Genus,Limdunavirus,../STRUCTURAL_TAXONOMY_04_03_25/data/models/production\Genus/Limdunavirus.pkl
Genus,Lidleunavirus,../STRUCTURAL_TAXONOMY_04_03_25/data/models/production\Genus/Lidleunavirus.pkl
Genus,Lenusvirus,../STRUCTURAL_TAXONOMY_04_03_25/data/models/production\Genus/Lenusvirus.pkl
Genus,Maenadvirus,../STRUCTURAL_TAXONOMY_04_03_25/data/models/production\Genus/Maenadvirus.pkl
Genus,Sextaecvirus,../STRUCTURAL_TAXONOMY_04_03_25/data/models/production\Genus/Sextaecvirus.pkl
Genus,Horusvirus,../STRUCTURAL_TAXONOMY_04_03_25/data/models/production\Genus/Horusvirus.pkl
Genus,Getalongvirus,../STRUCTURAL_TAXONOMY_04_03_25/data/models/production\Genus/Getalongvirus.pkl
Genus,Homburgvirus,../STRUCTURAL_TAXONOMY_04_03_25/data/models/production\Genus/Homburgvirus.pkl
Genus,Dibbivirus,../STRUCTURAL_TAXONOMY_04_03_25/data/models/production\Genus/Dibbivirus.pkl
Genus,Rosemountvirus,../STRUCTURAL_TAXONOMY_04_03_25/data/models/production\Genus/Rosemountvirus.pkl
Genus,Slashvirus,../STRUCTURAL_TAXONOMY_04_03_25/data/models/production\Genus/Slashvirus.pkl
Genus,Basiliskvirus,../STRUCTURAL_TAXONOMY_04_03_25/data/models/production\Genus/Basiliskvirus.pkl
Genus,Svunavirus,../STRUCTURAL_TAXONOMY_04_03_25/data/models/production\Genus/Svunavirus.pkl
Genus,Hubeivirus,../STRUCTURAL_TAXONOMY_04_03_25/data/models/production\Genus/Hubeivirus.pkl
Genus,Poindextervirus,../STRUCTURAL_TAXONOMY_04_03_25/data/models/production\Genus/Poindextervirus.pkl
Genus,Colossusvirus,../STRUCTURAL_TAXONOMY_04_03_25/data/models/production\Genus/Colossusvirus.pkl
Genus,Bertelyvirus,../STRUCTURAL_TAXONOMY_04_03_25/data/models/production\Genus/Bertelyvirus.pkl
Genus,Liefievirus,../STRUCTURAL_TAXONOMY_04_03_25/data/models/production\Genus/Liefievirus.pkl
Genus,Fionnbharthvirus,../STRUCTURAL_TAXONOMY_04_03_25/data/models/production\Genus/Fionnbharthvirus.pkl
Genus,Anayavirus,../STRUCTURAL_TAXONOMY_04_03_25/data/models/production\Genus/Anayavirus.pkl
Genus,Kratiovirus,../STRUCTURAL_TAXONOMY_04_03_25/data/models/production\Genus/Kratiovirus.pkl
Genus,Avocadovirus,../STRUCTURAL_TAXONOMY_04_03_25/data/models/production\Genus/Avocadovirus.pkl
Genus,Timquatrovirus,../STRUCTURAL_TAXONOMY_04_03_25/data/models/production\Genus/Timquatrovirus.pkl
Genus,Lomovskayavirus,../STRUCTURAL_TAXONOMY_04_03_25/data/models/production\Genus/Lomovskayavirus.pkl
Genus,Junavirus,../STRUCTURAL_TAXONOMY_04_03_25/data/models/production\Genus/Junavirus.pkl
Genus,Akonivirus,../STRUCTURAL_TAXONOMY_04_03_25/data/models/production\Genus/Akonivirus.pkl
Genus,Metamorphoovirus,../STRUCTURAL_TAXONOMY_04_03_25/data/models/production\Genus/Metamorphoovirus.pkl
Genus,Muvirus,../STRUCTURAL_TAXONOMY_04_03_25/data/models/production\Genus/Muvirus.pkl
Genus,Bcepmuvirus,../STRUCTURAL_TAXONOMY_04_03_25/data/models/production\Genus/Bcepmuvirus.pkl
Genus,Phietavirus_8,../STRUCTURAL_TAXONOMY_04_03_25/data/models/production\Genus/Phietavirus_8.pkl
Genus,Dubowvirus_1,../STRUCTURAL_TAXONOMY_04_03_25/data/models/production\Genus/Dubowvirus_1.pkl
Genus,Phietavirus_3,../STRUCTURAL_TAXONOMY_04_03_25/data/models/production\Genus/Phietavirus_3.pkl
Genus,Phietavirus_5,../STRUCTURAL_TAXONOMY_04_03_25/data/models/production\Genus/Phietavirus_5.pkl
Genus,Phietavirus_6,../STRUCTURAL_TAXONOMY_04_03_25/data/models/production\Genus/Phietavirus_6.pkl
Genus,Phietavirus_4,../STRUCTURAL_TAXONOMY_04_03_25/data/models/production\Genus/Phietavirus_4.pkl
Genus,Phietavirus_7,../STRUCTURAL_TAXONOMY_04_03_25/data/models/production\Genus/Phietavirus_7.pkl
Genus,Phietavirus_1,../STRUCTURAL_TAXONOMY_04_03_25/data/models/production\Genus/Phietavirus_1.pkl
Genus,Phietavirus_2,../STRUCTURAL_TAXONOMY_04_03_25/data/models/production\Genus/Phietavirus_2.pkl
Genus,Coventryvirus,../STRUCTURAL_TAXONOMY_04_03_25/data/models/production\Genus/Coventryvirus.pkl
Genus,Dubowvirus_3,../STRUCTURAL_TAXONOMY_04_03_25/data/models/production\Genus/Dubowvirus_3.pkl
Genus,Dubowvirus_2,../STRUCTURAL_TAXONOMY_04_03_25/data/models/production\Genus/Dubowvirus_2.pkl
Genus,Godonkavirus,../STRUCTURAL_TAXONOMY_04_03_25/data/models/production\Genus/Godonkavirus.pkl
Genus,Vedamuthuvirus,../STRUCTURAL_TAXONOMY_04_03_25/data/models/production\Genus/Vedamuthuvirus.pkl
Genus,Pleetrevirus,../STRUCTURAL_TAXONOMY_04_03_25/data/models/production\Genus/Pleetrevirus.pkl
Genus,Amigovirus,../STRUCTURAL_TAXONOMY_04_03_25/data/models/production\Genus/Amigovirus.pkl
Genus,Enhodamvirus,../STRUCTURAL_TAXONOMY_04_03_25/data/models/production\Genus/Enhodamvirus.pkl
Genus,Ronaldovirus,../STRUCTURAL_TAXONOMY_04_03_25/data/models/production\Genus/Ronaldovirus.pkl
Genus,Marvinvirus,../STRUCTURAL_TAXONOMY_04_03_25/data/models/production\Genus/Marvinvirus.pkl
Genus,Stanholtvirus,../STRUCTURAL_TAXONOMY_04_03_25/data/models/production\Genus/Stanholtvirus.pkl
Genus,Dexdertvirus,../STRUCTURAL_TAXONOMY_04_03_25/data/models/production\Genus/Dexdertvirus.pkl
Genus,Mardecavirus,../STRUCTURAL_TAXONOMY_04_03_25/data/models/production\Genus/Mardecavirus.pkl
Genus,Nylescharonvirus,../STRUCTURAL_TAXONOMY_04_03_25/data/models/production\Genus/Nylescharonvirus.pkl
Genus,Coetzeevirus,../STRUCTURAL_TAXONOMY_04_03_25/data/models/production\Genus/Coetzeevirus.pkl
Genus,Bernalvirus,../STRUCTURAL_TAXONOMY_04_03_25/data/models/production\Genus/Bernalvirus.pkl
Genus,Baxterfoxvirus,../STRUCTURAL_TAXONOMY_04_03_25/data/models/production\Genus/Baxterfoxvirus.pkl
Genus,Nymphadoravirus,../STRUCTURAL_TAXONOMY_04_03_25/data/models/production\Genus/Nymphadoravirus.pkl
Genus,Ruthyvirus,../STRUCTURAL_TAXONOMY_04_03_25/data/models/production\Genus/Ruthyvirus.pkl
Genus,Mydovirus,../STRUCTURAL_TAXONOMY_04_03_25/data/models/production\Genus/Mydovirus.pkl
Genus,Henunavirus,../STRUCTURAL_TAXONOMY_04_03_25/data/models/production\Genus/Henunavirus.pkl
Genus,Certrevirus,../STRUCTURAL_TAXONOMY_04_03_25/data/models/production\Genus/Certrevirus.pkl
Genus,Plateaulakevirus,../STRUCTURAL_TAXONOMY_04_03_25/data/models/production\Genus/Plateaulakevirus.pkl
Genus,Phapecoctavirus,../STRUCTURAL_TAXONOMY_04_03_25/data/models/production\Genus/Phapecoctavirus.pkl
Genus,Vequintavirus,../STRUCTURAL_TAXONOMY_04_03_25/data/models/production\Genus/Vequintavirus.pkl
Genus,Paclarkvirus,../STRUCTURAL_TAXONOMY_04_03_25/data/models/production\Genus/Paclarkvirus.pkl
Genus,Drulisvirus_1,../STRUCTURAL_TAXONOMY_04_03_25/data/models/production\Genus/Drulisvirus_1.pkl
Genus,Phimunavirus,../STRUCTURAL_TAXONOMY_04_03_25/data/models/production\Genus/Phimunavirus.pkl
Genus,Phikmvvirus,../STRUCTURAL_TAXONOMY_04_03_25/data/models/production\Genus/Phikmvvirus.pkl
Genus,Kotilavirus,../STRUCTURAL_TAXONOMY_04_03_25/data/models/production\Genus/Kotilavirus.pkl
Genus,Friunavirus,../STRUCTURAL_TAXONOMY_04_03_25/data/models/production\Genus/Friunavirus.pkl
Genus,Drulisvirus_2,../STRUCTURAL_TAXONOMY_04_03_25/data/models/production\Genus/Drulisvirus_2.pkl
Genus,Vectrevirus,../STRUCTURAL_TAXONOMY_04_03_25/data/models/production\Genus/Vectrevirus.pkl
Genus,Acadevirus_2,../STRUCTURAL_TAXONOMY_04_03_25/data/models/production\Genus/Acadevirus_2.pkl
Genus,Acadevirus_1,../STRUCTURAL_TAXONOMY_04_03_25/data/models/production\Genus/Acadevirus_1.pkl
Genus,Eracentumvirus,../STRUCTURAL_TAXONOMY_04_03_25/data/models/production\Genus/Eracentumvirus.pkl
Genus,Kaohsiungvirus,../STRUCTURAL_TAXONOMY_04_03_25/data/models/production\Genus/Kaohsiungvirus.pkl
Genus,Uliginvirus,../STRUCTURAL_TAXONOMY_04_03_25/data/models/production\Genus/Uliginvirus.pkl
Genus,Murciavirus,../STRUCTURAL_TAXONOMY_04_03_25/data/models/production\Genus/Murciavirus.pkl
Genus,Gajwadongvirus,../STRUCTURAL_TAXONOMY_04_03_25/data/models/production\Genus/Gajwadongvirus.pkl
Genus,Zindervirus,../STRUCTURAL_TAXONOMY_04_03_25/data/models/production\Genus/Zindervirus.pkl
Genus,Bonnellvirus,../STRUCTURAL_TAXONOMY_04_03_25/data/models/production\Genus/Bonnellvirus.pkl
Genus,Cuernavacavirus,../STRUCTURAL_TAXONOMY_04_03_25/data/models/production\Genus/Cuernavacavirus.pkl
Genus,Atuphduovirus,../STRUCTURAL_TAXONOMY_04_03_25/data/models/production\Genus/Atuphduovirus.pkl
Genus,Maculvirus,../STRUCTURAL_TAXONOMY_04_03_25/data/models/production\Genus/Maculvirus.pkl
Genus,Novosibovirus,../STRUCTURAL_TAXONOMY_04_03_25/data/models/production\Genus/Novosibovirus.pkl
Genus,Youngvirus,../STRUCTURAL_TAXONOMY_04_03_25/data/models/production\Genus/Youngvirus.pkl
Genus,Ahphunavirus,../STRUCTURAL_TAXONOMY_04_03_25/data/models/production\Genus/Ahphunavirus.pkl
Genus,Aerosvirus,../STRUCTURAL_TAXONOMY_04_03_25/data/models/production\Genus/Aerosvirus.pkl
Genus,Higashivirus,../STRUCTURAL_TAXONOMY_04_03_25/data/models/production\Genus/Higashivirus.pkl
Genus,Bifseptvirus,../STRUCTURAL_TAXONOMY_04_03_25/data/models/production\Genus/Bifseptvirus.pkl
Genus,Ampunavirus,../STRUCTURAL_TAXONOMY_04_03_25/data/models/production\Genus/Ampunavirus.pkl
Genus,Risjevirus,../STRUCTURAL_TAXONOMY_04_03_25/data/models/production\Genus/Risjevirus.pkl
Genus,Pradovirus,../STRUCTURAL_TAXONOMY_04_03_25/data/models/production\Genus/Pradovirus.pkl
Genus,Ermolevavirus,../STRUCTURAL_TAXONOMY_04_03_25/data/models/production\Genus/Ermolevavirus.pkl
Genus,Przondovirus_1,../STRUCTURAL_TAXONOMY_04_03_25/data/models/production\Genus/Przondovirus_1.pkl
Genus,Pektosvirus,../STRUCTURAL_TAXONOMY_04_03_25/data/models/production\Genus/Pektosvirus.pkl
Genus,Jarilovirus,../STRUCTURAL_TAXONOMY_04_03_25/data/models/production\Genus/Jarilovirus.pkl
Genus,Caroctavirus,../STRUCTURAL_TAXONOMY_04_03_25/data/models/production\Genus/Caroctavirus.pkl
Genus,Berlinvirus,../STRUCTURAL_TAXONOMY_04_03_25/data/models/production\Genus/Berlinvirus.pkl
Genus,Teetrevirus,../STRUCTURAL_TAXONOMY_04_03_25/data/models/production\Genus/Teetrevirus.pkl
Genus,Teseptimavirus_1,../STRUCTURAL_TAXONOMY_04_03_25/data/models/production\Genus/Teseptimavirus_1.pkl
Genus,Teseptimavirus_2,../STRUCTURAL_TAXONOMY_04_03_25/data/models/production\Genus/Teseptimavirus_2.pkl
Genus,Minipunavirus,../STRUCTURAL_TAXONOMY_04_03_25/data/models/production\Genus/Minipunavirus.pkl
Genus,Ningirsuvirus,../STRUCTURAL_TAXONOMY_04_03_25/data/models/production\Genus/Ningirsuvirus.pkl
Genus,Wuhanvirus,../STRUCTURAL_TAXONOMY_04_03_25/data/models/production\Genus/Wuhanvirus.pkl
Genus,Warsawvirus,../STRUCTURAL_TAXONOMY_04_03_25/data/models/production\Genus/Warsawvirus.pkl
Genus,Chatterjeevirus,../STRUCTURAL_TAXONOMY_04_03_25/data/models/production\Genus/Chatterjeevirus.pkl
Genus,Pifdecavirus,../STRUCTURAL_TAXONOMY_04_03_25/data/models/production\Genus/Pifdecavirus.pkl
Genus,Ghunavirus,../STRUCTURAL_TAXONOMY_04_03_25/data/models/production\Genus/Ghunavirus.pkl
Genus,Aarhusvirus,../STRUCTURAL_TAXONOMY_04_03_25/data/models/production\Genus/Aarhusvirus.pkl
Genus,Przondovirus_2,../STRUCTURAL_TAXONOMY_04_03_25/data/models/production\Genus/Przondovirus_2.pkl
Genus,Gyeongsanvirus,../STRUCTURAL_TAXONOMY_04_03_25/data/models/production\Genus/Gyeongsanvirus.pkl
Genus,Kayfunavirus_1,../STRUCTURAL_TAXONOMY_04_03_25/data/models/production\Genus/Kayfunavirus_1.pkl
Genus,Kayfunavirus_3,../STRUCTURAL_TAXONOMY_04_03_25/data/models/production\Genus/Kayfunavirus_3.pkl
Genus,Helsettvirus,../STRUCTURAL_TAXONOMY_04_03_25/data/models/production\Genus/Helsettvirus.pkl
Genus,Kayfunavirus_2,../STRUCTURAL_TAXONOMY_04_03_25/data/models/production\Genus/Kayfunavirus_2.pkl
Genus,Yonseivirus,../STRUCTURAL_TAXONOMY_04_03_25/data/models/production\Genus/Yonseivirus.pkl
Genus,Phobosvirus,../STRUCTURAL_TAXONOMY_04_03_25/data/models/production\Genus/Phobosvirus.pkl
Genus,Salvovirus,../STRUCTURAL_TAXONOMY_04_03_25/data/models/production\Genus/Salvovirus.pkl
Genus,Sharonstreetvirus,../STRUCTURAL_TAXONOMY_04_03_25/data/models/production\Genus/Sharonstreetvirus.pkl
Genus,Carltongylesvirus,../STRUCTURAL_TAXONOMY_04_03_25/data/models/production\Genus/Carltongylesvirus.pkl
Genus,Yushanvirus,../STRUCTURAL_TAXONOMY_04_03_25/data/models/production\Genus/Yushanvirus.pkl
Genus,Aphroditevirus,../STRUCTURAL_TAXONOMY_04_03_25/data/models/production\Genus/Aphroditevirus.pkl
Genus,Ludhianavirus,../STRUCTURAL_TAXONOMY_04_03_25/data/models/production\Genus/Ludhianavirus.pkl
Genus,Epseptimavirus,../STRUCTURAL_TAXONOMY_04_03_25/data/models/production\Genus/Epseptimavirus.pkl
Genus,Sugarlandvirus,../STRUCTURAL_TAXONOMY_04_03_25/data/models/production\Genus/Sugarlandvirus.pkl
Genus,Hongcheonvirus,../STRUCTURAL_TAXONOMY_04_03_25/data/models/production\Genus/Hongcheonvirus.pkl
Genus,Jesfedecavirus,../STRUCTURAL_TAXONOMY_04_03_25/data/models/production\Genus/Jesfedecavirus.pkl
Genus,Thalassavirus,../STRUCTURAL_TAXONOMY_04_03_25/data/models/production\Genus/Thalassavirus.pkl
Genus,Shenzhenvirus,../STRUCTURAL_TAXONOMY_04_03_25/data/models/production\Genus/Shenzhenvirus.pkl
Genus,Tunavirus,../STRUCTURAL_TAXONOMY_04_03_25/data/models/production\Genus/Tunavirus.pkl
Genus,Guelphvirus,../STRUCTURAL_TAXONOMY_04_03_25/data/models/production\Genus/Guelphvirus.pkl
Genus,Rogunavirus,../STRUCTURAL_TAXONOMY_04_03_25/data/models/production\Genus/Rogunavirus.pkl
Genus,Christensenvirus,../STRUCTURAL_TAXONOMY_04_03_25/data/models/production\Genus/Christensenvirus.pkl
Genus,Rtpvirus,../STRUCTURAL_TAXONOMY_04_03_25/data/models/production\Genus/Rtpvirus.pkl
Genus,Warwickvirus,../STRUCTURAL_TAXONOMY_04_03_25/data/models/production\Genus/Warwickvirus.pkl
Genus,Kyungwonvirus,../STRUCTURAL_TAXONOMY_04_03_25/data/models/production\Genus/Kyungwonvirus.pkl
Genus,Tlsvirus,../STRUCTURAL_TAXONOMY_04_03_25/data/models/production\Genus/Tlsvirus.pkl
Genus,Hanrivervirus,../STRUCTURAL_TAXONOMY_04_03_25/data/models/production\Genus/Hanrivervirus.pkl
Genus,Baihuvirus,../STRUCTURAL_TAXONOMY_04_03_25/data/models/production\Genus/Baihuvirus.pkl
Genus,Kuravirus,../STRUCTURAL_TAXONOMY_04_03_25/data/models/production\Genus/Kuravirus.pkl
Genus,Lahexavirus,../STRUCTURAL_TAXONOMY_04_03_25/data/models/production\Genus/Lahexavirus.pkl
Genus,Gregsiragusavirus,../STRUCTURAL_TAXONOMY_04_03_25/data/models/production\Genus/Gregsiragusavirus.pkl
Genus,Haloferacalesvirus,../STRUCTURAL_TAXONOMY_04_03_25/data/models/production\Genus/Haloferacalesvirus.pkl
Genus,Nitunavirus,../STRUCTURAL_TAXONOMY_04_03_25/data/models/production\Genus/Nitunavirus.pkl
Genus,Agatevirus,../STRUCTURAL_TAXONOMY_04_03_25/data/models/production\Genus/Agatevirus.pkl
Genus,Caeruleovirus,../STRUCTURAL_TAXONOMY_04_03_25/data/models/production\Genus/Caeruleovirus.pkl
Genus,Schiekvirus,../STRUCTURAL_TAXONOMY_04_03_25/data/models/production\Genus/Schiekvirus.pkl
Genus,Wphvirus,../STRUCTURAL_TAXONOMY_04_03_25/data/models/production\Genus/Wphvirus.pkl
Genus,Tsarbombavirus,../STRUCTURAL_TAXONOMY_04_03_25/data/models/production\Genus/Tsarbombavirus.pkl
Genus,Bequatrovirus,../STRUCTURAL_TAXONOMY_04_03_25/data/models/production\Genus/Bequatrovirus.pkl
Genus,Eldridgevirus,../STRUCTURAL_TAXONOMY_04_03_25/data/models/production\Genus/Eldridgevirus.pkl
Genus,Siminovitchvirus,../STRUCTURAL_TAXONOMY_04_03_25/data/models/production\Genus/Siminovitchvirus.pkl
Genus,Okubovirus,../STRUCTURAL_TAXONOMY_04_03_25/data/models/production\Genus/Okubovirus.pkl
Genus,Baoshanvirus,../STRUCTURAL_TAXONOMY_04_03_25/data/models/production\Genus/Baoshanvirus.pkl
Genus,Sepunavirus,../STRUCTURAL_TAXONOMY_04_03_25/data/models/production\Genus/Sepunavirus.pkl
Genus,Silviavirus,../STRUCTURAL_TAXONOMY_04_03_25/data/models/production\Genus/Silviavirus.pkl
Genus,Pecentumvirus,../STRUCTURAL_TAXONOMY_04_03_25/data/models/production\Genus/Pecentumvirus.pkl
Genus,Kayvirus,../STRUCTURAL_TAXONOMY_04_03_25/data/models/production\Genus/Kayvirus.pkl
Genus,Kochikohdavirus,../STRUCTURAL_TAXONOMY_04_03_25/data/models/production\Genus/Kochikohdavirus.pkl
Genus,Bastillevirus,../STRUCTURAL_TAXONOMY_04_03_25/data/models/production\Genus/Bastillevirus.pkl
Genus,Carjivirus,../STRUCTURAL_TAXONOMY_04_03_25/data/models/production\Genus/Carjivirus.pkl
Genus,Dabirmavirus,../STRUCTURAL_TAXONOMY_04_03_25/data/models/production\Genus/Dabirmavirus.pkl
Genus,Jahgtovirus,../STRUCTURAL_TAXONOMY_04_03_25/data/models/production\Genus/Jahgtovirus.pkl
Genus,Delmidovirus,../STRUCTURAL_TAXONOMY_04_03_25/data/models/production\Genus/Delmidovirus.pkl
Genus,Diorhovirus,../STRUCTURAL_TAXONOMY_04_03_25/data/models/production\Genus/Diorhovirus.pkl
Genus,Kuttervirus,../STRUCTURAL_TAXONOMY_04_03_25/data/models/production\Genus/Kuttervirus.pkl
Genus,Taipeivirus,../STRUCTURAL_TAXONOMY_04_03_25/data/models/production\Genus/Taipeivirus.pkl
Genus,Nezavisimistyvirus,../STRUCTURAL_TAXONOMY_04_03_25/data/models/production\Genus/Nezavisimistyvirus.pkl
Genus,Miltonvirus,../STRUCTURAL_TAXONOMY_04_03_25/data/models/production\Genus/Miltonvirus.pkl
Genus,Innesvirus,../STRUCTURAL_TAXONOMY_04_03_25/data/models/production\Genus/Innesvirus.pkl
Genus,Huanghaivirus,../STRUCTURAL_TAXONOMY_04_03_25/data/models/production\Genus/Huanghaivirus.pkl
Genus,Menderavirus,../STRUCTURAL_TAXONOMY_04_03_25/data/models/production\Genus/Menderavirus.pkl
Genus,Yuavirus,../STRUCTURAL_TAXONOMY_04_03_25/data/models/production\Genus/Yuavirus.pkl
Genus,Abidjanvirus,../STRUCTURAL_TAXONOMY_04_03_25/data/models/production\Genus/Abidjanvirus.pkl
Genus,Vojvodinavirus,../STRUCTURAL_TAXONOMY_04_03_25/data/models/production\Genus/Vojvodinavirus.pkl
Genus,Xiamenvirus,../STRUCTURAL_TAXONOMY_04_03_25/data/models/production\Genus/Xiamenvirus.pkl
Genus,Bosavirus,../STRUCTURAL_TAXONOMY_04_03_25/data/models/production\Genus/Bosavirus.pkl
Genus,Steinhofvirus,../STRUCTURAL_TAXONOMY_04_03_25/data/models/production\Genus/Steinhofvirus.pkl
Genus,Mollyvirus,../STRUCTURAL_TAXONOMY_04_03_25/data/models/production\Genus/Mollyvirus.pkl
Genus,Baylorvirus,../STRUCTURAL_TAXONOMY_04_03_25/data/models/production\Genus/Baylorvirus.pkl
Genus,Rosenblumvirus_1,../STRUCTURAL_TAXONOMY_04_03_25/data/models/production\Genus/Rosenblumvirus_1.pkl
Genus,Rosenblumvirus_2,../STRUCTURAL_TAXONOMY_04_03_25/data/models/production\Genus/Rosenblumvirus_2.pkl
Genus,Rosenblumvirus_3,../STRUCTURAL_TAXONOMY_04_03_25/data/models/production\Genus/Rosenblumvirus_3.pkl
Genus,Rosenblumvirus_4,../STRUCTURAL_TAXONOMY_04_03_25/data/models/production\Genus/Rosenblumvirus_4.pkl
Genus,Rosenblumvirus_5,../STRUCTURAL_TAXONOMY_04_03_25/data/models/production\Genus/Rosenblumvirus_5.pkl
Genus,Copernicusvirus_2,../STRUCTURAL_TAXONOMY_04_03_25/data/models/production\Genus/Copernicusvirus_2.pkl
Genus,Copernicusvirus_1,../STRUCTURAL_TAXONOMY_04_03_25/data/models/production\Genus/Copernicusvirus_1.pkl
Genus,Copernicusvirus_3,../STRUCTURAL_TAXONOMY_04_03_25/data/models/production\Genus/Copernicusvirus_3.pkl
Genus,Hemphillvirus,../STRUCTURAL_TAXONOMY_04_03_25/data/models/production\Genus/Hemphillvirus.pkl
Genus,Claudivirus_2,../STRUCTURAL_TAXONOMY_04_03_25/data/models/production\Genus/Claudivirus_2.pkl
Genus,Claudivirus_1,../STRUCTURAL_TAXONOMY_04_03_25/data/models/production\Genus/Claudivirus_1.pkl
Genus,Beecentumtrevirus_2,../STRUCTURAL_TAXONOMY_04_03_25/data/models/production\Genus/Beecentumtrevirus_2.pkl
Genus,Salasvirus,../STRUCTURAL_TAXONOMY_04_03_25/data/models/production\Genus/Salasvirus.pkl
Genus,Beecentumtrevirus_1,../STRUCTURAL_TAXONOMY_04_03_25/data/models/production\Genus/Beecentumtrevirus_1.pkl
Genus,Gamaleyavirus,../STRUCTURAL_TAXONOMY_04_03_25/data/models/production\Genus/Gamaleyavirus.pkl
Genus,Pokkenvirus,../STRUCTURAL_TAXONOMY_04_03_25/data/models/production\Genus/Pokkenvirus.pkl
Genus,Johnsonvirus,../STRUCTURAL_TAXONOMY_04_03_25/data/models/production\Genus/Johnsonvirus.pkl
Genus,Aorunvirus,../STRUCTURAL_TAXONOMY_04_03_25/data/models/production\Genus/Aorunvirus.pkl
Genus,Zicotriavirus,../STRUCTURAL_TAXONOMY_04_03_25/data/models/production\Genus/Zicotriavirus.pkl
Genus,Dongdastvirus,../STRUCTURAL_TAXONOMY_04_03_25/data/models/production\Genus/Dongdastvirus.pkl
Genus,Pourcelvirus,../STRUCTURAL_TAXONOMY_04_03_25/data/models/production\Genus/Pourcelvirus.pkl
Genus,Acanvirus,../STRUCTURAL_TAXONOMY_04_03_25/data/models/production\Genus/Acanvirus.pkl
Genus,Litunavirus,../STRUCTURAL_TAXONOMY_04_03_25/data/models/production\Genus/Litunavirus.pkl
Genus,Luzseptimavirus,../STRUCTURAL_TAXONOMY_04_03_25/data/models/production\Genus/Luzseptimavirus.pkl
Genus,Gonggongvirus,../STRUCTURAL_TAXONOMY_04_03_25/data/models/production\Genus/Gonggongvirus.pkl
Genus,Aoqinvirus,../STRUCTURAL_TAXONOMY_04_03_25/data/models/production\Genus/Aoqinvirus.pkl
Genus,Matsuvirus,../STRUCTURAL_TAXONOMY_04_03_25/data/models/production\Genus/Matsuvirus.pkl
Genus,Dorisvirus,../STRUCTURAL_TAXONOMY_04_03_25/data/models/production\Genus/Dorisvirus.pkl
Genus,Ithacavirus,../STRUCTURAL_TAXONOMY_04_03_25/data/models/production\Genus/Ithacavirus.pkl
Genus,Pariacacavirus,../STRUCTURAL_TAXONOMY_04_03_25/data/models/production\Genus/Pariacacavirus.pkl
Genus,Mukerjeevirus,../STRUCTURAL_TAXONOMY_04_03_25/data/models/production\Genus/Mukerjeevirus.pkl
Genus,Samistivirus,../STRUCTURAL_TAXONOMY_04_03_25/data/models/production\Genus/Samistivirus.pkl
Genus,Wakandavirus,../STRUCTURAL_TAXONOMY_04_03_25/data/models/production\Genus/Wakandavirus.pkl
Genus,Faustvirus,../STRUCTURAL_TAXONOMY_04_03_25/data/models/production\Genus/Faustvirus.pkl
Genus,Kolpuevirus,../STRUCTURAL_TAXONOMY_04_03_25/data/models/production\Genus/Kolpuevirus.pkl
Genus,Kehishuvirus,../STRUCTURAL_TAXONOMY_04_03_25/data/models/production\Genus/Kehishuvirus.pkl
Genus,Kahnovirus,../STRUCTURAL_TAXONOMY_04_03_25/data/models/production\Genus/Kahnovirus.pkl
Genus,Lightbulbvirus,../STRUCTURAL_TAXONOMY_04_03_25/data/models/production\Genus/Lightbulbvirus.pkl
Genus,Tequatrovirus,../STRUCTURAL_TAXONOMY_04_03_25/data/models/production\Genus/Tequatrovirus.pkl
Genus,Ceceduovirus,../STRUCTURAL_TAXONOMY_04_03_25/data/models/production\Genus/Ceceduovirus.pkl
Genus,Pseudotevenvirus,../STRUCTURAL_TAXONOMY_04_03_25/data/models/production\Genus/Pseudotevenvirus.pkl
Genus,Cinqassovirus,../STRUCTURAL_TAXONOMY_04_03_25/data/models/production\Genus/Cinqassovirus.pkl
Genus,Lazarusvirus,../STRUCTURAL_TAXONOMY_04_03_25/data/models/production\Genus/Lazarusvirus.pkl
Genus,Krischvirus,../STRUCTURAL_TAXONOMY_04_03_25/data/models/production\Genus/Krischvirus.pkl
Genus,Cuauhnahuacvirus,../STRUCTURAL_TAXONOMY_04_03_25/data/models/production\Genus/Cuauhnahuacvirus.pkl
Genus,Sarumanvirus,../STRUCTURAL_TAXONOMY_04_03_25/data/models/production\Genus/Sarumanvirus.pkl
Genus,Emdodecavirus,../STRUCTURAL_TAXONOMY_04_03_25/data/models/production\Genus/Emdodecavirus.pkl
Genus,Tulanevirus,../STRUCTURAL_TAXONOMY_04_03_25/data/models/production\Genus/Tulanevirus.pkl
Genus,Fletchervirus,../STRUCTURAL_TAXONOMY_04_03_25/data/models/production\Genus/Fletchervirus.pkl
Genus,Firehammervirus,../STRUCTURAL_TAXONOMY_04_03_25/data/models/production\Genus/Firehammervirus.pkl
Genus,Dhakavirus,../STRUCTURAL_TAXONOMY_04_03_25/data/models/production\Genus/Dhakavirus.pkl
Genus,Gelderlandvirus,../STRUCTURAL_TAXONOMY_04_03_25/data/models/production\Genus/Gelderlandvirus.pkl
Genus,Kanagawavirus,../STRUCTURAL_TAXONOMY_04_03_25/data/models/production\Genus/Kanagawavirus.pkl
Genus,Jiaodavirus,../STRUCTURAL_TAXONOMY_04_03_25/data/models/production\Genus/Jiaodavirus.pkl
Genus,Muldoonvirus,../STRUCTURAL_TAXONOMY_04_03_25/data/models/production\Genus/Muldoonvirus.pkl
Genus,Bragavirus,../STRUCTURAL_TAXONOMY_04_03_25/data/models/production\Genus/Bragavirus.pkl
Genus,Buchavirus_2,../STRUCTURAL_TAXONOMY_04_03_25/data/models/production\Genus/Buchavirus_2.pkl
Genus,Buchavirus_1,../STRUCTURAL_TAXONOMY_04_03_25/data/models/production\Genus/Buchavirus_1.pkl
Genus,Afonbuvirus,../STRUCTURAL_TAXONOMY_04_03_25/data/models/production\Genus/Afonbuvirus.pkl
Genus,Aurodevirus,../STRUCTURAL_TAXONOMY_04_03_25/data/models/production\Genus/Aurodevirus.pkl
Genus,Culoivirus,../STRUCTURAL_TAXONOMY_04_03_25/data/models/production\Genus/Culoivirus.pkl
Genus,Blohavirus,../STRUCTURAL_TAXONOMY_04_03_25/data/models/production\Genus/Blohavirus.pkl
Genus,Birpovirus,../STRUCTURAL_TAXONOMY_04_03_25/data/models/production\Genus/Birpovirus.pkl
Genus,Canhaevirus,../STRUCTURAL_TAXONOMY_04_03_25/data/models/production\Genus/Canhaevirus.pkl
Genus,Burzaovirus,../STRUCTURAL_TAXONOMY_04_03_25/data/models/production\Genus/Burzaovirus.pkl
Genus,Buhlduvirus,../STRUCTURAL_TAXONOMY_04_03_25/data/models/production\Genus/Buhlduvirus.pkl
Genus,Nevillevirus,../STRUCTURAL_TAXONOMY_04_03_25/data/models/production\Genus/Nevillevirus.pkl
Genus,Omegavirus,../STRUCTURAL_TAXONOMY_04_03_25/data/models/production\Genus/Omegavirus.pkl
Genus,Reyvirus,../STRUCTURAL_TAXONOMY_04_03_25/data/models/production\Genus/Reyvirus.pkl
Genus,Kostyavirus,../STRUCTURAL_TAXONOMY_04_03_25/data/models/production\Genus/Kostyavirus.pkl
Genus,Faithunavirus,../STRUCTURAL_TAXONOMY_04_03_25/data/models/production\Genus/Faithunavirus.pkl
Genus,Octobienvirus,../STRUCTURAL_TAXONOMY_04_03_25/data/models/production\Genus/Octobienvirus.pkl
Genus,Gruunavirus,../STRUCTURAL_TAXONOMY_04_03_25/data/models/production\Genus/Gruunavirus.pkl
Genus,Kablunavirus,../STRUCTURAL_TAXONOMY_04_03_25/data/models/production\Genus/Kablunavirus.pkl
Genus,Ceetrepovirus,../STRUCTURAL_TAXONOMY_04_03_25/data/models/production\Genus/Ceetrepovirus.pkl
Genus,Foxborovirus,../STRUCTURAL_TAXONOMY_04_03_25/data/models/production\Genus/Foxborovirus.pkl
Genus,Melvirus,../STRUCTURAL_TAXONOMY_04_03_25/data/models/production\Genus/Melvirus.pkl
Genus,Siovirus,../STRUCTURAL_TAXONOMY_04_03_25/data/models/production\Genus/Siovirus.pkl
Genus,Samwavirus,../STRUCTURAL_TAXONOMY_04_03_25/data/models/production\Genus/Samwavirus.pkl
Genus,Bridgettevirus,../STRUCTURAL_TAXONOMY_04_03_25/data/models/production\Genus/Bridgettevirus.pkl
Genus,Teubervirus,../STRUCTURAL_TAXONOMY_04_03_25/data/models/production\Genus/Teubervirus.pkl
Genus,Schmidtvirus,../STRUCTURAL_TAXONOMY_04_03_25/data/models/production\Genus/Schmidtvirus.pkl
Genus,Vendettavirus,../STRUCTURAL_TAXONOMY_04_03_25/data/models/production\Genus/Vendettavirus.pkl
Genus,Immanueltrevirus,../STRUCTURAL_TAXONOMY_04_03_25/data/models/production\Genus/Immanueltrevirus.pkl
Genus,Pippivirus,../STRUCTURAL_TAXONOMY_04_03_25/data/models/production\Genus/Pippivirus.pkl
Genus,Ficleduovirus,../STRUCTURAL_TAXONOMY_04_03_25/data/models/production\Genus/Ficleduovirus.pkl
Genus,Punavirus,../STRUCTURAL_TAXONOMY_04_03_25/data/models/production\Genus/Punavirus.pkl
Genus,Barbavirus,../STRUCTURAL_TAXONOMY_04_03_25/data/models/production\Genus/Barbavirus.pkl
Genus,Ravarandavirus,../STRUCTURAL_TAXONOMY_04_03_25/data/models/production\Genus/Ravarandavirus.pkl
Genus,Fukuivirus,../STRUCTURAL_TAXONOMY_04_03_25/data/models/production\Genus/Fukuivirus.pkl
Genus,Vipetofemvirus,../STRUCTURAL_TAXONOMY_04_03_25/data/models/production\Genus/Vipetofemvirus.pkl
Genus,Carnodivirus,../STRUCTURAL_TAXONOMY_04_03_25/data/models/production\Genus/Carnodivirus.pkl
Genus,Detrevirus,../STRUCTURAL_TAXONOMY_04_03_25/data/models/production\Genus/Detrevirus.pkl
Genus,Psavirus,../STRUCTURAL_TAXONOMY_04_03_25/data/models/production\Genus/Psavirus.pkl
Genus,Fibralongavirus,../STRUCTURAL_TAXONOMY_04_03_25/data/models/production\Genus/Fibralongavirus.pkl
Genus,Leicestervirus,../STRUCTURAL_TAXONOMY_04_03_25/data/models/production\Genus/Leicestervirus.pkl
Genus,Carmenvirus,../STRUCTURAL_TAXONOMY_04_03_25/data/models/production\Genus/Carmenvirus.pkl
Genus,Cecivirus,../STRUCTURAL_TAXONOMY_04_03_25/data/models/production\Genus/Cecivirus.pkl
Genus,Lwoffvirus,../STRUCTURAL_TAXONOMY_04_03_25/data/models/production\Genus/Lwoffvirus.pkl
Genus,Cequinquevirus,../STRUCTURAL_TAXONOMY_04_03_25/data/models/production\Genus/Cequinquevirus.pkl
Genus,Kelleziovirus,../STRUCTURAL_TAXONOMY_04_03_25/data/models/production\Genus/Kelleziovirus.pkl
Genus,Laroyevirus,../STRUCTURAL_TAXONOMY_04_03_25/data/models/production\Genus/Laroyevirus.pkl
Genus,Woodruffvirus,../STRUCTURAL_TAXONOMY_04_03_25/data/models/production\Genus/Woodruffvirus.pkl
Genus,Freyavirus,../STRUCTURAL_TAXONOMY_04_03_25/data/models/production\Genus/Freyavirus.pkl
Genus,Incheonvirus,../STRUCTURAL_TAXONOMY_04_03_25/data/models/production\Genus/Incheonvirus.pkl
Genus,Fipvunavirus,../STRUCTURAL_TAXONOMY_04_03_25/data/models/production\Genus/Fipvunavirus.pkl
Genus,Callevirus,../STRUCTURAL_TAXONOMY_04_03_25/data/models/production\Genus/Callevirus.pkl
Genus,Andromedavirus,../STRUCTURAL_TAXONOMY_04_03_25/data/models/production\Genus/Andromedavirus.pkl
Genus,Oshimavirus,../STRUCTURAL_TAXONOMY_04_03_25/data/models/production\Genus/Oshimavirus.pkl
Genus,Sendosyvirus,../STRUCTURAL_TAXONOMY_04_03_25/data/models/production\Genus/Sendosyvirus.pkl
Genus,Kochitakasuvirus,../STRUCTURAL_TAXONOMY_04_03_25/data/models/production\Genus/Kochitakasuvirus.pkl
Genus,Perisivirus,../STRUCTURAL_TAXONOMY_04_03_25/data/models/production\Genus/Perisivirus.pkl
Genus,Hollowayvirus,../STRUCTURAL_TAXONOMY_04_03_25/data/models/production\Genus/Hollowayvirus.pkl
Genus,Firingavirus,../STRUCTURAL_TAXONOMY_04_03_25/data/models/production\Genus/Firingavirus.pkl
Genus,Paopuvirus,../STRUCTURAL_TAXONOMY_04_03_25/data/models/production\Genus/Paopuvirus.pkl
Genus,Minhovirus,../STRUCTURAL_TAXONOMY_04_03_25/data/models/production\Genus/Minhovirus.pkl
Genus,Inhavirus,../STRUCTURAL_TAXONOMY_04_03_25/data/models/production\Genus/Inhavirus.pkl
Genus,Schmidvirus,../STRUCTURAL_TAXONOMY_04_03_25/data/models/production\Genus/Schmidvirus.pkl
Genus,Andhravirus,../STRUCTURAL_TAXONOMY_04_03_25/data/models/production\Genus/Andhravirus.pkl
Genus,Helsingorvirus,../STRUCTURAL_TAXONOMY_04_03_25/data/models/production\Genus/Helsingorvirus.pkl
Genus,Holosalinivirus,../STRUCTURAL_TAXONOMY_04_03_25/data/models/production\Genus/Holosalinivirus.pkl
